meta,material,buildable,bow_drawspeed,bow_flight_speed,draw_ticks,draw_seconds,flight_speed,shots_per_min,flight_per_second,limb_durability,reinforced,source_of_bow_material,limb_craftable,notes
10,Cobalt,yes,45,5.3,84,4.20,7.95,14.3,1.893,600,2,TinkerWeaponry literal,yes,
15,Alumite,yes,45,5,84,4.20,7.5,14.3,1.786,413,2,TinkerWeaponry literal,yes,
16,Steel,yes,60,5.5,112,5.60,8.25,10.7,1.473,300,2,TinkerWeaponry literal,yes,
11,Ardite,yes,55,4.9,102,5.10,7.35,11.8,1.441,455,0,TinkerWeaponry literal,yes,
1595,Electrum,yes,20,1.5,37,1.85,2.25,32.4,1.216,48,0,recomputed from GregTech tool quality,yes,
1647,Magnetic Steel,yes,20,1.5,37,1.85,2.25,32.4,1.216,384,1,recomputed from GregTech tool quality,yes,
6,Obsidian,yes,109,1,204,10.20,1.5,5.9,0.147,67,3,TinkerWeaponry literal,no,loot-only; the limb cannot be crafted
201,Aeon Steel,no,,,,,,,,617,2,none registered,yes,no BowMaterial registered; the crossbow craft is denied and the looted limb is unusable
202,Queen's Gold,no,,,,,,,,75,0,none registered,yes,no BowMaterial registered; the crossbow craft is denied and the looted limb is unusable
