score,s0,s1,seed,spawn,marsh_n,marsh_d,paper4_n,paper_d,head_d,head,coal_n,coal_d,clay_d,gravel_d
405.04022136610195,176.0,229.04022136610195,-231136394194981719,"20,58",32,201,1,21,7,Flint Shovel Head,0,,106,4
460.981979131583,287.0,173.98197913158302,-4918413866155194835,"114,50",18,57,1,56,61,Flint Shovel Head,0,,127,8
499.5854344566227,281.0,218.5854344566227,3017365446223544564,"35,-99",23,74,1,63,81,Bone Shovel Head,11,96,245,7
503.44664901075953,320.0,183.4466490107595,4613813777228336639,"-238,73",21,81,4,62,40,Bone Shovel Head,22,157,207,6
509.40684327584097,246.0,263.40684327584097,-4793609137643789517,"-209,-176",41,187,1,25,51,Bone Axe Head,20,82,91,11
511.39879077556327,272.0,239.39879077556327,624581134431611377,"-38,18",10,144,4,47,48,Electrum Axe Head,0,,21,6
520.3623397457452,340.0,180.36233974574523,6891847710477788030,"107,2",10,141,3,16,23,Iron Axe Head,8,89,143,7
529.8774898231002,315.0,214.87748982310012,-25616001490522100,"76,38",47,82,1,63,70,Bone Shovel Head,0,,58,4
553.8553330656,244.0,309.8553330656,7656196997344940947,"-20,47",27,80,3,21,209,Electrum Shovel Head,23,215,107,8
563.057596254991,346.0,217.0575962549911,-4022701185051790715,"0,0",26,7,1,124,86,Bone Axe Head,0,,41,11
574.7797086783925,227.0,347.77970867839247,-8517569268635804436,"-21,-10",20,132,4,71,144,Queen's Gold Shovel Head,32,159,34,4
594.5143123771752,408.0,186.5143123771752,-6887974039860121411,"531,-433",29,73,2,79,35,Flint Shovel Head,0,,135,9
627.5004150393985,306.0,321.5004150393985,8129254969810941259,"15,-12",1,202,1,58,61,Flint Axe Head,0,,36,8
630.1231988133295,275.0,355.12319881332945,-1399826452606818972,"-32,186",1,207,1,64,85,Flint Shovel Head,0,,121,8
635.5026299841562,431.0,204.50262998415624,5267088357034472605,"-159,122",18,56,2,104,45,Flint Axe Head,0,,98,7
643.0573833257267,245.0,398.05738332572673,5595686608632629897,"38,-3",22,200,6,60,137,Pig Iron Shovel Head,0,,180,5
643.5648833010628,397.0,246.5648833010627,7134826682664974675,"-76,239",14,40,1,98,108,Bone Shovel Head,12,70,89,8
649.396689430878,306.0,343.39668943087804,1285219475844288237,"45,-76",3,257,1,64,23,Flint Shovel Head,0,,99,6
652.3108834718863,248.0,404.3108834718863,2039660103668340955,"20,16",23,208,1,96,100,Flint Shovel Head,0,,45,9
661.7259948260803,327.0,334.7259948260803,-6901360551294178371,"-14,2",17,153,1,122,59,Flint Axe Head,11,126,34,8
684.1235655194566,353.0,331.1235655194566,4888590479074403096,"123,43",1,222,1,45,64,Flint Shovel Head,15,35,54,4
699.384379728107,354.0,345.38437972810704,7095513010014528902,"-26,-21",19,139,2,105,102,Stone Axe Head,0,,36,4
700.1067725450124,467.0,233.1067725450124,1205871910818538097,"52,-47",29,187,4,43,3,Obsidian Shovel Head,8,142,116,8
705.2627468237454,352.0,353.2627468237454,-588805356382311857,"-16,13",23,110,4,103,140,Stone Axe Head,13,258,41,9
706.1253222227036,148.0,558.1253222227036,545702619356119891,"22,138",0,,4,29,17,Stone Axe Head,30,181,84,3
720.4169450868557,384.0,336.41694508685566,603844530260416371,"1,-20",19,182,1,68,87,Flint Shovel Head,16,263,66,8
723.9545310518469,379.0,344.95453105184686,6061609031065226317,"-89,123",27,167,1,101,76,Stone Shovel Head,0,,49,3
726.2827124989619,373.0,353.28271249896187,4795517983374936606,"-18,33",7,138,1,107,108,Stone Axe Head,12,85,23,9
732.2050975197667,437.0,295.20509751976664,-182230154478258771,"-118,101",8,161,3,71,63,Pig Iron Shovel Head,0,,100,4
733.5667436967283,349.0,384.56674369672834,-3452705500166896685,"146,83",12,182,1,75,127,Stone Shovel Head,12,177,,8
737.4289380832731,165.0,572.4289380832731,553627533422659245,"5,5",0,,1,37,24,Stone Axe Head,13,280,54,4
739.0581869351008,399.0,340.0581869351008,-6730255817230919509,"-55,-12",31,131,2,122,87,Flint Axe Head,8,271,,4
740.6308898438108,404.0,336.6308898438108,7996387221211297220,"155,-107",31,190,1,74,73,Flint Shovel Head,0,,164,4
747.6487891361572,338.0,409.64878913615723,954477745494198810,"62,-34",2,226,1,101,82,Bone Axe Head,0,,44,8
761.8002453339352,542.0,219.80024533393527,1591978983373741845,"15,-8",3,102,3,59,58,Iron Axe Head,8,117,25,7
763.1204322161492,421.0,342.1204322161492,2544757782197437732,"35,50",11,147,4,97,97,Pig Iron Shovel Head,10,127,37,8
764.0563708019114,340.0,424.0563708019114,867742883853993079,"11,-67",2,238,1,96,90,Stone Shovel Head,0,,28,6
771.0025313258327,344.0,427.00253132583276,-5030159206326481922,"-261,232",31,166,1,137,125,Flint Axe Head,0,,77,3
775.4342274757898,435.0,340.43422747578984,878494931256106641,"80,-36",53,103,1,101,136,Stone Shovel Head,0,,153,9
776.1195968897356,477.0,299.1195968897356,3904865047636297131,"148,-372",31,151,7,77,71,Obsidian Shovel Head,17,97,61,6
780.9461131688973,375.0,405.94611316889734,-1122760597759585676,"67,53",18,189,1,126,91,Flint Shovel Head,8,244,46,6
787.8322191647632,468.0,319.83221916476316,-680761740355311566,"110,-208",14,69,1,125,126,Flint Shovel Head,0,,184,10
791.6581202975431,608.0,183.6581202975431,-7530413902654203228,"30,56",6,136,1,26,21,Flint Shovel Head,13,59,77,6
795.7543355465856,443.0,352.7543355465856,-4145627845342596487,"-155,-28",26,140,1,137,75,Flint Axe Head,0,,74,5
796.897912869594,491.0,305.89791286959405,1062978608219043041,"-98,175",7,111,1,103,91,Stone Shovel Head,0,,119,9
798.7610311303514,232.0,566.7610311303514,3535065440267478920,"6,45",22,152,1,208,208,Pig Iron Axe Head,35,113,40,5
804.8572682459326,216.0,588.8572682459326,-4200731822819946681,"-5,-37",0,,3,53,24,Queen's Gold Axe Head,44,42,35,4
805.0501039112298,454.0,351.05010391122977,-4941589831518620487,"92,208",31,168,4,55,127,Queen's Gold Axe Head,10,62,72,9
808.4438703261246,368.0,440.4438703261246,-9204966960813362538,"-51,84",31,157,6,137,147,Pig Iron Axe Head,9,152,39,6
810.0266287611894,435.0,375.02662876118944,-8207472887119773440,"18,-17",27,115,1,112,148,Flint Shovel Head,0,,26,9
814.4105600044619,419.0,395.4105600044619,-9087492333609874482,"-4,-155",18,113,1,117,166,Stone Axe Head,0,,94,5
817.1388056848293,447.0,370.13880568482926,6447942189294602971,"-50,149",13,123,1,160,87,Bone Axe Head,37,116,26,7
817.2116999361427,218.0,599.2116999361427,-5355076076891543691,"182,-167",0,,1,57,30,Bone Axe Head,0,,66,2
826.1653076231532,438.0,388.1653076231533,948443901674266276,"-17,52",3,124,1,137,127,Flint Axe Head,12,169,81,8
826.9290719347924,469.0,357.92907193479243,-224979330495538220,"-44,-94",31,122,4,144,92,Flint Axe Head,8,238,29,7
827.5875627631494,248.0,579.5875627631494,331488291868112842,"195,53",0,,1,39,29,Bone Axe Head,17,48,55,6
828.1233505438868,233.0,595.1233505438868,8209994272622119359,"23,-23",0,,1,32,51,Stone Axe Head,0,,65,1
835.8502651375721,505.0,330.85026513757214,-6303910478071389829,"271,190",30,104,6,125,101,Electrum Axe Head,8,190,36,9
844.7338175623879,239.0,605.7338175623879,-9076107820172883703,"-189,-14",0,,1,41,53,Stone Axe Head,0,,57,8
851.4630922750869,352.0,499.4630922750869,878812217348569370,"107,293",29,189,2,96,214,Flint Axe Head,0,,130,4
853.8612519466222,216.0,637.8612519466222,-3866760402242128964,"13,63",0,,1,62,64,Bone Shovel Head,0,,206,9
860.0807022384114,489.0,371.0807022384114,-1867839594580153259,"52,-11",8,145,1,113,113,Stone Axe Head,24,162,144,5
861.9776189512716,466.0,395.9776189512716,-3256177365945261054,"105,137",26,205,1,106,84,Flint Axe Head,11,53,162,1
862.6570732329503,505.0,357.65707323295027,8735271597903288119,"217,-7",35,111,1,149,98,Stone Shovel Head,0,,166,1
868.9464580787981,220.0,648.9464580787981,-5508387281010597512,"-89,52",63,79,0,,58,Flint Shovel Head,0,,71,4
877.6311499358612,491.0,386.6311499358612,3460382703436536483,"6,17",71,153,3,141,92,Stone Shovel Head,0,,89,7
882.8563388595496,467.0,415.8563388595496,-4660936756043638873,"0,0",13,167,1,127,122,Bone Shovel Head,0,,25,11
884.9003842557422,286.0,598.9003842557422,2264966528586066068,"88,53",0,,1,63,24,Stone Axe Head,0,,166,3
887.1207533683294,538.0,349.1207533683294,-7178171084660701860,"-103,-29",2,94,1,113,141,Bone Axe Head,25,135,90,5
888.0576065917165,236.0,652.0576065917165,2424441315326906444,"10,-3",0,,1,95,45,Flint Axe Head,25,109,25,5
893.8502895245967,520.0,373.8502895245968,-4625645620954937442,"-14,48",24,123,1,115,136,Bone Axe Head,0,,39,10
898.1432686258199,628.0,270.14326862581987,-7921999940387132376,"177,125",30,89,2,129,52,Flint Axe Head,13,104,37,9
898.8027640042858,233.0,665.8027640042858,4093156632612084833,"249,78",0,,2,107,47,Flint Axe Head,13,101,75,6
904.746115147884,516.0,388.746115147884,-4440490177599544876,"294,159",32,83,4,158,147,Bone Shovel Head,20,222,65,7
907.0131556174965,357.0,550.0131556174965,2474828906448763432,"-114,121",0,,1,9,29,Stone Shovel Head,0,,90,6
907.2053114304795,276.0,631.2053114304795,-4836486331909144119,"20,42",0,,1,76,43,Stone Shovel Head,0,,112,4
907.6080626758023,396.0,511.6080626758023,-7079420705678771091,"22,-58",26,190,6,125,197,Bronze Shovel Head,0,,45,3
912.6227483858586,346.0,566.6227483858586,-6090836645231485813,"209,25",0,,2,29,26,Bone Shovel Head,0,,203,7
913.7886170375996,291.0,622.7886170375996,-9043736648462449445,"7,-7",0,,1,56,55,Bone Axe Head,0,,87,1
914.7081226124623,513.0,401.70812261246226,-3873226014923802941,"-56,12",7,216,1,113,72,Flint Shovel Head,8,171,,4
914.7103516784264,471.0,443.71035167842643,8879001618622963452,"-34,76",32,183,2,116,145,Stone Shovel Head,28,98,111,7
915.1405561937916,235.0,680.1405561937916,7807626734732344893,"-7,25",30,85,1,83,,,0,,224,1
927.258079404518,247.0,680.258079404518,-2254506781601596960,"34,22",0,,7,34,134,Pig Iron Shovel Head,29,61,162,6
927.4559957765716,523.0,404.45599577657157,-9090382374393439166,"-21,85",24,153,1,148,103,Flint Axe Head,0,,316,4
930.374476961766,466.0,464.374476961766,97465460191713448,"-40,-75",23,208,6,129,127,Pig Iron Shovel Head,63,138,82,3
931.1787155501902,282.0,649.1787155501902,-1699661591520011886,"-49,-23",0,,1,71,66,Bone Shovel Head,12,99,127,7
932.9582024907263,454.0,478.95820249072636,3758913329942169677,"0,0",2,254,1,110,115,Stone Axe Head,0,,41,11
944.4868895288223,542.0,402.48688952882225,2842557266760280292,"73,2",33,179,1,110,114,Flint Shovel Head,9,187,154,6
948.96936588308,247.0,701.96936588308,-8129730171430563803,"-104,-216",0,,1,86,104,Stone Shovel Head,0,,36,0
949.8568802181455,454.0,495.85688021814553,-3178433070289807993,"75,29",1,234,1,138,124,Bone Axe Head,10,159,41,6
954.3184637102073,279.0,675.3184637102073,-5948802575186650791,"0,0",0,,1,76,87,Bone Shovel Head,0,,41,11
967.935544828736,272.0,695.935544828736,-2672910028386462298,"44,39",0,,1,75,109,Flint Axe Head,0,,48,4
970.1420499143611,382.0,588.1420499143611,-3627195549899553281,"4,137",0,,1,53,23,Stone Shovel Head,0,,332,4
971.457875450654,249.0,722.457875450654,3784964002270170108,"-120,122",0,,6,27,183,Iron Axe Head,8,218,152,2
972.2005313338768,504.0,468.20053133387677,6572281498440243579,"0,0",32,150,1,173,145,Flint Shovel Head,0,,69,11
976.2599632092117,208.0,768.2599632092117,-3091061312794574247,"19,86",1,220,1,36,,,0,,133,5
992.6760889321281,359.0,633.6760889321281,-668087893703034647,"200,19",0,,1,45,77,Flint Shovel Head,0,,,5
992.9589441031353,322.0,670.9589441031353,-1214104336670933034,"70,-116",0,,4,85,74,Bone Shovel Head,21,57,120,4
993.8997154870981,306.0,687.8997154870981,5061013762026497798,"-27,-82",0,,1,109,66,Flint Axe Head,0,,26,7
999.0009358961538,365.0,634.0009358961538,433220285626117825,"22,120",0,,4,68,54,Obsidian Shovel Head,9,96,30,2
1004.5270209477973,449.0,555.5270209477973,785582999258997752,"25,1",0,,8,26,18,Iron Shovel Head,8,64,271,7
1012.8452971921962,301.0,711.8452971921962,-1181858787884831650,"-36,-9",27,155,1,44,,,0,,83,4
1016.7234968123541,330.0,686.7234968123541,3459082007730224561,"0,0",0,,1,84,91,Bone Axe Head,0,,57,11
1017.5452240275046,376.0,641.5452240275046,-3349337966872941073,"-40,32",0,,2,57,73,Flint Shovel Head,13,237,98,8
1021.4147748422233,220.0,801.4147748422233,-3512397967423374803,"-2,70",0,,4,23,266,Queen's Gold Axe Head,0,,66,6
1021.6064657091596,377.0,644.6064657091596,-5019553760364625880,"-254,-442",0,,5,59,74,Stone Axe Head,20,188,82,6
1021.8254405882428,554.0,467.8254405882428,-2085025852757681018,"8,0",21,206,2,154,108,Stone Shovel Head,16,233,62,8
1029.4326694228293,566.0,463.4326694228294,1727762806033662417,"92,-62",1,229,1,139,96,Stone Shovel Head,0,,304,7
1049.4431161637979,373.0,676.4431161637979,-6628722011521947679,"31,-16",38,83,1,81,,,22,61,121,11
1049.7770775425279,590.0,459.777077542528,132736365098201445,"-20,108",1,235,2,112,112,Stone Axe Head,37,95,268,6
1055.6722941743483,318.0,737.6722941743483,4623555268818277790,"15,52",6,169,1,57,,,0,,106,8
1060.990810569785,364.0,696.9908105697851,7604929432517717970,"97,-5",0,,4,103,82,Stone Shovel Head,0,,94,8
1062.0385869236197,500.0,562.0385869236198,-8393348960612291546,"222,174",29,261,1,171,130,Stone Axe Head,0,,71,8
1064.1463558063947,381.0,683.1463558063947,-1412727902844157337,"155,-75",0,,3,110,61,Bone Shovel Head,0,,61,4
1069.3304204843253,322.0,747.3304204843253,3317902793191877312,"63,-260",0,,1,128,107,Stone Axe Head,0,,228,8
1069.6536594953902,457.0,612.6536594953902,6715717039888344589,"0,0",0,,3,68,33,Iron Shovel Head,8,71,25,11
1070.239036645209,304.0,766.2390366452089,957761555640769763,"178,-115",0,,5,51,203,Cactus Shovel Head,32,84,62,8
1074.2803120500444,366.0,708.2803120500442,-6577442869455283739,"-247,222",0,,1,94,102,Flint Axe Head,0,,53,6
1077.9879595301932,378.0,699.9879595301933,3477012477214603966,"86,-224",4,112,0,,76,Bone Shovel Head,24,109,203,8
1078.9757332164909,388.0,690.9757332164909,7727977937844126116,"128,-68",0,,4,103,76,Stone Axe Head,8,123,160,9
1086.426108494057,426.0,660.426108494057,3183052859040601153,"125,89",0,,1,90,58,Flint Shovel Head,13,97,77,5
1089.1553189146525,324.0,765.1553189146525,2194269076478155646,"29,88",29,166,1,88,,,15,104,64,5
1090.4186998109665,543.0,547.4186998109665,-2520098908504139614,"85,-4",25,211,8,141,196,Wooden Shovel Head,34,244,74,5
1090.5967586748927,419.0,671.5967586748927,-8263980794945076032,"-15,6",0,,1,101,59,Bone Shovel Head,0,,90,7
1095.27032978809,383.0,712.2703297880901,8097567181672421242,"-9,27",0,,1,108,93,Flint Axe Head,0,,96,3
1103.6235501300953,357.0,746.6235501300953,-3061590208137797516,"122,75",0,,3,94,141,Obsidian Axe Head,50,143,14,4
1105.828189638466,396.0,709.8281896384659,5130310843447102086,"-287,-156",0,,1,122,76,Flint Axe Head,0,,57,8
1112.734206000194,329.0,783.734206000194,6875251280777354137,"-122,30",3,251,1,21,,,0,,28,6
1118.339866541724,365.0,753.339866541724,4657813734635134201,"-39,144",0,,1,134,108,Flint Shovel Head,0,,76,8
1118.5491688462264,430.0,688.5491688462264,2258919710229114004,"-51,32",0,,1,95,82,Flint Axe Head,0,,72,9
1121.3691314777184,402.0,719.3691314777183,2364409600484208513,"141,-40",0,,1,124,84,Bone Axe Head,14,90,191,5
1126.9580387367273,384.0,742.9580387367274,-2034873901658503258,"-360,189",0,,1,127,104,Flint Shovel Head,11,73,32,5
1129.9007760486866,440.0,689.9007760486867,3382589324261269809,"92,39",0,,1,103,75,Flint Shovel Head,0,,51,4
1134.351140572674,411.0,723.3511405726739,2085572292553304855,"-35,46",0,,5,103,108,Stone Shovel Head,8,220,40,8
1135.5352703753647,422.0,713.5352703753647,3680805092322817066,"-157,-91",0,,1,83,118,Flint Axe Head,0,,235,6
1137.5732289045823,617.0,520.5732289045823,1554546834256292446,"-102,144",29,139,2,186,195,Bronze Axe Head,0,,131,8
1138.637263353113,634.0,504.6372633531129,-6675699021395883023,"-61,40",12,241,1,137,127,Stone Shovel Head,0,,156,5
1139.2498137364532,514.0,625.2498137364532,309756962537106576,"0,0",0,,5,66,48,Queen's Gold Axe Head,23,85,91,11
1141.9033628330765,600.0,541.9033628330765,8840990265963163195,"-16,118",2,241,1,146,155,Flint Shovel Head,0,,56,8
1146.517629332649,454.0,692.5176293326489,-4599717550210241185,"-102,100",26,116,1,65,,,0,,136,4
1149.6556507696464,440.0,709.6556507696465,7602496086664269545,"35,-226",0,,1,95,103,Bone Axe Head,0,,155,8
1151.3139620219526,457.0,694.3139620219526,-7925353409222242073,"41,10",4,62,0,,120,Bone Shovel Head,26,162,49,2
1153.629222205972,443.0,710.6292222059719,-416671982154611597,"110,3",0,,6,109,90,Stone Axe Head,0,,69,8
1154.7391164438313,452.0,702.7391164438312,3470868862039590631,"153,54",0,,1,116,75,Bone Shovel Head,14,103,88,2
1155.1075067378547,337.0,818.1075067378548,-5854433657314222617,"-31,5",0,,3,88,218,Iron Axe Head,26,113,268,8
1156.4837097112293,405.0,751.4837097112293,6964236371200903778,"-220,-30",0,,1,130,110,Bone Shovel Head,0,,,7
1159.119500893172,451.0,708.119500893172,7553785014469340947,"-31,47",0,,1,102,94,Stone Axe Head,22,155,70,10
1159.4024059103754,429.0,730.4024059103753,-2651780899426646284,"135,63",20,106,0,,112,Stone Shovel Head,0,,39,7
1165.1795680170967,469.0,696.1795680170966,-3482186943694914413,"49,49",0,,1,78,106,Bone Shovel Head,0,,136,10
1167.8302382442864,408.0,759.8302382442864,-2599597500219695677,"0,0",26,135,1,113,,,0,,47,11
1170.2098856027476,506.0,664.2098856027476,689373590252765326,"-109,20",4,102,3,278,284,Flint Shovel Head,13,254,96,6
1172.3682959238618,419.0,753.3682959238619,8849105399004068558,"-10,-25",0,,1,120,121,Flint Axe Head,0,,103,2
1177.8483459194485,465.0,712.8483459194487,-8845246017642153139,"51,-57",0,,1,113,88,Obsidian Axe Head,15,178,163,5
1177.911663905466,433.0,744.9116639054658,7443772456272185177,"0,0",0,,1,110,123,Flint Shovel Head,0,,57,11
1178.4277133841142,438.0,740.4277133841141,-9109487739304392476,"118,-75",7,77,0,,151,Stone Axe Head,0,,288,4
1184.2230179075411,424.0,760.2230179075411,1823070071198845942,"-7,-17",0,,7,96,152,Iron Axe Head,21,115,135,7
1187.7865297986432,441.0,746.7865297986432,-4977495789304942362,"-97,-11",46,147,1,88,,,0,,119,8
1193.685601540195,411.0,782.6856015401951,-2847260958275989006,"-87,13",0,,1,164,106,Flint Axe Head,0,,86,5
1197.7619716858949,402.0,795.7619716858948,1220581890487800183,"-17,-1",0,,1,120,164,Stone Axe Head,0,,42,10
1198.1056788118171,365.0,833.1056788118171,-7033227874406321599,"93,62",1,234,0,,87,Bone Axe Head,0,,229,8
1198.5372477117487,419.0,779.5372477117487,-7306029549907584475,"80,3",27,181,1,87,,,13,89,48,9
1205.2607840936653,398.0,807.2607840936653,2308126046207406504,"-358,319",0,,3,215,80,Flint Shovel Head,0,,63,7
1205.427732693809,495.0,710.4277326938089,8236267025565327914,"25,88",0,,2,103,96,Flint Shovel Head,8,131,72,1
1209.934764105557,473.0,736.9347641055568,4578628401881477093,"48,-59",0,,1,110,115,Flint Axe Head,0,,105,9
1210.5281952800985,453.0,757.5281952800985,-4193285200340032578,"-73,17",0,,2,139,106,Stone Axe Head,0,,57,7
1212.5269585396186,480.0,732.5269585396186,7165267512773196825,"-128,73",22,103,1,118,,,0,,75,8
1213.0321629655616,514.0,699.0321629655616,-6486536035355598897,"0,0",1,79,1,108,,,0,,69,11
1214.1217364364968,429.0,785.1217364364968,-8612942506443998187,"-71,110",29,135,1,139,,,0,,50,6
1215.3356960021065,459.0,756.3356960021066,-3392138187351865884,"0,0",0,,2,119,126,Flint Axe Head,27,186,25,11
1216.2999489095423,450.0,766.2999489095423,1245561901423442807,"95,184",0,,1,120,134,Flint Axe Head,0,,49,7
1216.7958845649987,491.0,725.7958845649987,-5142071417379466060,"-144,31",32,133,1,81,,,0,,82,11
1219.8873657637794,416.0,803.8873657637794,4479045542376981837,"0,0",0,,1,143,149,Stone Axe Head,0,,25,11
1220.2384433599168,442.0,778.2384433599167,1227353263463982117,"0,0",0,,1,144,122,Stone Shovel Head,0,,25,11
1225.9607917626493,538.0,687.9607917626493,7739956444760326030,"3,10",0,,1,87,89,Flint Shovel Head,30,147,77,5
1229.2617071584446,513.0,716.2617071584446,3433338193152391060,"192,-24",4,84,0,,120,Flint Axe Head,0,,54,8
1229.875784199429,500.0,729.8757841994291,-5478881709433500336,"-226,-854",0,,1,132,86,Bone Axe Head,23,88,60,6
1231.5789748033626,437.0,794.5789748033626,2029157476104879949,"-33,39",0,,2,115,168,Stone Shovel Head,14,224,78,7
1232.2188159873047,488.0,744.2188159873047,7458012835925679142,"-24,60",0,,5,105,128,Obsidian Axe Head,22,276,36,4
1233.2556343204108,539.0,694.2556343204108,-2909148687159296604,"35,-16",0,,3,89,93,Bone Shovel Head,11,71,165,9
1234.0836972715103,409.0,825.0836972715103,153527894959732801,"-50,-30",1,217,0,,96,Flint Shovel Head,0,,85,8
1235.057174068386,468.0,767.0571740683861,5751453334235306829,"-8,-71",0,,1,129,126,Bone Shovel Head,32,79,152,1
1238.330337643726,470.0,768.3303376437259,-1477329567528073965,"-16,39",0,,1,123,133,Bone Shovel Head,0,,93,8
1238.3952349999242,482.0,756.3952349999242,-6815204040069315641,"13,13",0,,1,118,126,Stone Axe Head,0,,86,7
1239.7449100771653,449.0,790.7449100771653,8350128760507818601,"29,-25",0,,1,152,127,Bone Axe Head,0,,27,5
1240.2934954166908,471.0,769.2934954166908,3500156834605080178,"1,88",0,,1,142,115,Flint Shovel Head,0,,134,7
1244.639752276233,503.0,741.6397522762329,6029744164546782077,"-13,55",28,92,1,137,,,0,,102,5
1252.3288287465668,517.0,735.3288287465668,-5612076186000644773,"-41,-76",0,,1,100,123,Flint Shovel Head,0,,,4
1255.7060108229057,548.0,707.7060108229057,6745826435029570900,"0,0",58,87,1,109,,,0,,91,11
1256.703045065353,462.0,794.7030450653531,748940052060137639,"-18,-8",0,,3,133,150,Bone Shovel Head,10,169,49,6
1258.3744753951278,512.0,746.3744753951278,4465949004344629043,"39,-59",0,,1,114,121,Bone Axe Head,0,,92,3
1260.7895371080112,543.0,717.7895371080114,-5490486020566111161,"-52,-256",7,108,0,,98,Flint Shovel Head,0,,98,9
1262.652331409452,590.0,672.6523314094521,-5797597378729708907,"-122,-50",0,,4,85,76,Flint Shovel Head,18,195,76,6
1263.9760753861422,445.0,818.9760753861422,8821097426895840322,"-82,-43",9,208,1,99,,,0,,26,7
1265.8438362282272,478.0,787.8438362282271,2803699522908492652,"122,-3",26,221,0,,55,Stone Axe Head,0,,25,5
1267.5738296421318,479.0,788.5738296421318,-5075564149546654125,"-45,-70",0,,1,164,112,Stone Shovel Head,0,,50,5
1271.2708686345277,635.0,636.2708686345276,-8891576471839021445,"-99,85",0,,1,35,89,Stone Shovel Head,0,,83,6
1276.3232341380346,509.0,767.3232341380346,-8218977159935493465,"150,182",6,82,0,,173,Flint Axe Head,0,,23,3
1279.0960505341025,450.0,829.0960505341025,6949704516496952894,"13,8",0,,1,164,153,Stone Shovel Head,0,,34,5
1280.5188521212813,544.0,736.5188521212813,6082160037261116567,"2,-94",0,,1,85,139,Stone Shovel Head,0,,72,8
1281.5428740842117,582.0,699.5428740842117,-3040199924479239608,"-175,383",24,42,1,145,,,0,,161,10
1282.7331744530302,540.0,742.7331744530303,-5601291463151005790,"-41,11",0,,2,139,92,Bone Axe Head,21,73,120,3
1291.0064687769936,469.0,822.0064687769936,-5039506151781618933,"-194,-1",0,,1,163,147,Flint Shovel Head,25,92,56,9
1297.4601690776092,550.0,747.4601690776092,4553096813429399284,"-25,-27",0,,5,131,104,Flint Shovel Head,8,119,72,3
1299.4539707130962,526.0,773.4539707130963,-904661996717446652,"-256,-268",0,,1,138,123,Stone Axe Head,0,,303,9
1301.8532067740728,559.0,742.8532067740728,2166409800422967119,"59,-12",0,,1,154,77,Bone Axe Head,9,173,62,5
1302.495297524833,582.0,720.495297524833,-5507678553992361887,"140,-119",0,,2,120,88,Bone Axe Head,13,122,95,4
1314.2325215283195,525.0,789.2325215283194,-5165688187490199752,"-12,32",0,,1,152,125,Bone Shovel Head,15,139,192,9
1319.4546258974044,552.0,767.4546258974044,5370852702176510847,"-182,-3",0,,5,149,106,Stone Axe Head,17,262,,5
1319.8512666551173,469.0,850.8512666551173,-8939093304661725123,"-139,-34",0,,3,111,228,Iron Shovel Head,0,,36,7
1320.5168996942407,518.0,802.5168996942406,-5943417728644943031,"53,20",0,,4,146,144,Flint Shovel Head,54,216,29,5
1323.310287772712,558.0,765.310287772712,-2428582662416276296,"98,32",0,,1,108,145,Flint Shovel Head,0,,124,10
1331.727901187773,551.0,780.7279011877731,7162114718531755362,"-18,-40",0,,1,146,123,Bone Shovel Head,0,,56,6
1333.2503529013866,527.0,806.2503529013866,8206108270584286854,"-10,51",0,,1,179,115,Bone Shovel Head,0,,79,5
1334.3242677375351,562.0,772.3242677375353,-6287110162689014527,"91,158",0,,1,149,112,Bone Shovel Head,0,,134,7
1335.9881328740983,490.0,845.9881328740983,8426623706747645497,"-39,-19",10,215,1,119,,,0,,43,5
1337.3874025446166,468.0,869.3874025446167,6683288242803451675,"-3,48",0,,3,194,163,Flint Axe Head,20,207,247,9
1342.0432743964814,559.0,783.0432743964814,5078740414195711635,"91,64",43,113,0,,158,Bone Shovel Head,16,137,78,9
1351.5340168216321,243.0,1108.5340168216321,3194073889762603521,"17,-16",0,,1,85,,,0,,61,11
1351.8790823442177,615.0,736.8790823442177,6214803898613065187,"45,-1",17,16,1,208,,,0,,192,9
1354.9753755145646,557.0,797.9753755145646,-7099857357146132201,"6,73",0,,1,165,121,Flint Shovel Head,11,157,153,2
1362.7949490842034,596.0,766.7949490842035,-4516679457974378551,"-1,40",0,,1,115,140,Stone Axe Head,0,,142,7
1367.9833623385998,591.0,776.9833623385997,-1353332621595608648,"-33,125",0,,4,134,131,Bone Shovel Head,68,198,185,9
1371.9610574673234,591.0,780.9610574673235,2724182220013006407,"41,-8",0,,1,151,118,Flint Axe Head,0,,230,1
1377.5770481855423,613.0,764.5770481855423,-7950733840685719063,"47,-69",23,96,1,156,,,8,93,61,8
1378.0084739677277,295.0,1083.0084739677277,-5835960469952199631,"78,142",0,,1,59,,,0,,257,8
1382.0105228437951,379.0,1003.010522843795,6277963337292823706,"36,-33",0,,1,255,236,Stone Shovel Head,0,,22,8
1382.4350670755316,523.0,859.4350670755315,3297040695482427992,"-20,-55",0,,1,107,241,Bone Shovel Head,0,,76,4
1383.7614046441236,619.0,764.7614046441236,-7371735304568086272,"106,22",0,,1,134,119,Stone Shovel Head,0,,100,3
1389.553782311696,577.0,812.553782311696,1414843377087821287,"-8,27",0,,3,176,125,Bone Shovel Head,8,262,162,3
1405.7229961108799,288.0,1117.7229961108799,2539265119761348090,"81,-216",0,,1,94,,,0,,112,7
1406.7327354436115,582.0,824.7327354436117,-2130887241442181697,"-28,-112",0,,1,136,177,Bone Axe Head,0,,191,9
1415.2733705718656,542.0,873.2733705718656,3399916696199362718,"0,0",19,212,1,149,,,14,78,69,11
1431.639209034025,351.0,1080.639209034025,-5769539541240502682,"242,-207",0,,2,57,,,36,243,199,9
1431.7544869729957,359.0,1072.7544869729957,-4271000560098737380,"85,50",0,,1,49,,,0,,79,7
1432.6784353984895,591.0,841.6784353984896,-6481071391129148785,"-76,-48",0,,2,151,178,Flint Shovel Head,0,,129,9
1437.9915122297307,634.0,803.9915122297308,3502676190559966061,"0,0",0,,1,152,140,Stone Axe Head,0,,91,11
1442.9761770653465,380.0,1062.9761770653465,-5330023274605787211,"116,-476",27,404,0,,147,Stone Axe Head,0,,13,6
1444.0805639476794,617.0,827.0805639476793,944623005278389159,"0,0",0,,2,179,136,Flint Axe Head,27,278,61,11
1452.121422386541,391.0,1061.121422386541,-5500851865570346675,"62,36",0,,0,,37,Bone Axe Head,0,,186,7
1454.8845270851891,519.0,935.8845270851891,7141182521663590174,"-41,-57",4,251,1,173,,,0,,272,1
1455.773780845922,370.0,1085.773780845922,144502277604908872,"21,53",0,,1,62,,,0,,68,4
1458.252263323576,430.0,1028.252263323576,-1797405658177522271,"25,-72",0,,4,264,252,Cactus Axe Head,0,,,1
1468.86298349093,361.0,1107.86298349093,-3142485033118337438,"40,-9",0,,1,84,,,0,,130,1
1470.5414991421667,317.0,1153.5414991421667,3648428088879205638,"94,67",0,,1,130,,,0,,149,8
1475.5509355714103,346.0,1129.5509355714103,-3659947606267584773,"-20,19",0,,1,106,,,10,353,34,6
1487.6787870774913,372.0,1115.6787870774913,7074845315125634737,"23,24",0,,0,,92,Stone Shovel Head,0,,63,1
1491.717176534632,383.0,1108.717176534632,-1409529107416301256,"0,0",0,,1,85,,,8,114,47,11
1494.5080418238226,625.0,869.5080418238225,7908589873669908368,"55,46",29,179,1,179,,,0,,244,6
1503.4994291041476,634.0,869.4994291041476,-6142868940046305699,"129,363",0,,1,178,180,Stone Shovel Head,0,,215,8
1523.0462863776447,391.0,1132.0462863776447,-1820661534518306305,"0,0",0,,1,108,,,0,,57,11
1530.6231331972044,402.0,1128.6231331972044,7742770952409995892,"66,-7",0,,1,105,,,0,,65,6
1537.4123975929863,415.0,1122.4123975929863,1424042277654610950,"77,-20",0,,1,98,,,0,,94,6
1545.3498844375276,424.0,1121.3498844375276,-3013484044701601670,"49,119",0,,0,,97,Bone Axe Head,0,,29,7
1546.8590005416033,413.0,1133.8590005416033,-6869972538948487411,"61,54",0,,0,,110,Flint Axe Head,0,,78,5
1549.0227249253535,415.0,1134.0227249253535,-278192217670705541,"143,45",0,,1,110,,,0,,64,9
1550.955876626847,357.0,1193.955876626847,5556996093738979729,"-180,-308",0,,1,170,,,11,177,52,6
1551.8946784598588,433.0,1118.8946784598588,-670396231831959138,"0,0",0,,1,95,,,0,,47,11
1559.235310715707,431.0,1128.235310715707,5866649550447996024,"-43,13",0,,1,104,,,0,,67,6
1565.8463877336476,428.0,1137.8463877336476,9128670922786841669,"-250,173",0,,1,114,,,0,,69,5
1573.2081528017131,429.0,1144.2081528017131,6406299252707879650,"144,-88",14,120,0,,,,24,85,142,8
1575.884064383737,470.0,1105.884064383737,4626223870758620378,"-188,90",0,,1,82,,,0,,53,4
1584.5530208376795,412.0,1172.5530208376795,6629459971175497177,"-40,89",0,,1,149,,,0,,35,1
1589.103826104805,488.0,1101.103826104805,-8259264144073216573,"73,27",0,,1,77,,,0,,84,3
1598.81033698917,480.0,1118.81033698917,-6603807615347465860,"33,120",0,,1,95,,,0,,87,7
1607.5205609404663,468.0,1139.5205609404663,3703534156624014591,"75,19",0,,1,116,,,0,,92,6
1611.1024967590665,509.0,1102.1024967590665,-6465022021151572731,"197,-119",0,,0,,78,Stone Axe Head,0,,114,3
1617.124945793572,449.0,1168.124945793572,8133450531681987717,"102,159",26,144,0,,,,22,73,73,7
1624.0045870594445,491.0,1133.0045870594445,4462914306996508557,"-148,103",0,,1,109,,,0,,156,4
1627.0145977624284,466.0,1161.0145977624284,1377170037590055880,"-26,-2",0,,1,137,,,0,,192,6
1629.5170240508305,466.0,1163.5170240508305,8828956521197017274,"31,-46",0,,1,140,,,0,,218,9
1637.4195277654653,469.0,1168.4195277654653,-1489835693216610068,"40,65",48,144,0,,,,0,,49,7
1640.9602596712127,466.0,1174.9602596712127,2055122061470764827,"23,-262",0,,0,,151,Bone Axe Head,0,,57,2
1646.843191832831,489.0,1157.843191832831,1559648765170008644,"216,95",10,134,0,,,,0,,212,7
1648.480406320024,465.0,1183.480406320024,2849500111931864864,"-30,-147",0,,1,159,,,0,,29,8
1649.491106406735,499.0,1150.491106406735,2365536730011107255,"196,-10",0,,1,126,,,0,,178,4
1650.907866814066,475.0,1175.907866814066,6773601925877169955,"5,-23",0,,1,152,,,0,,15,3
1652.5951731952412,467.0,1185.5951731952412,-1051202881197987420,"-17,57",0,,0,,162,Flint Shovel Head,9,74,89,7
1658.407708461347,541.0,1117.407708461347,-55115976603548790,"15,77",0,,1,93,,,0,,67,9
1664.426957611029,495.0,1169.426957611029,-6845629333388067679,"-12,13",0,,1,145,,,0,,188,6
1665.1486689980538,520.0,1145.1486689980538,-7288873381300404011,"-69,-21",0,,1,121,,,0,,214,4
1666.8429515575194,471.0,1195.8429515575194,429784743862726384,"12,-42",0,,0,,172,Bone Axe Head,0,,298,4
1668.6160524344455,525.0,1143.6160524344455,-2428787786636384741,"-7,101",0,,0,,120,Stone Shovel Head,13,120,81,3
1673.5036382261192,409.0,1264.5036382261192,-3119668682579408242,"61,67",3,241,0,,,,15,141,89,7
1676.2679741386128,501.0,1175.2679741386128,8223832200397262981,"0,0",0,,1,151,,,0,,57,11
1685.274932307477,472.0,1213.274932307477,-4233822575694767899,"1,-36",35,189,0,,,,0,,94,8
1693.203689524133,512.0,1181.203689524133,6583781922312940222,"15,7",0,,0,,157,Bone Axe Head,0,,55,7
1693.9322432549145,515.0,1178.9322432549145,2140602809158246297,"245,44",0,,1,155,,,0,,91,5
1696.7406303919943,536.0,1160.7406303919943,3135474846047620588,"1,76",0,,1,137,,,0,,44,8
1732.7304198391196,605.0,1127.7304198391196,-108638451995874397,"258,122",0,,0,,104,Stone Shovel Head,0,,86,6
1740.1540461270329,583.0,1157.1540461270329,8872508038900025714,"28,20",0,,1,133,,,0,,71,6
1758.8598839834667,478.0,1280.8598839834667,8342127734388845095,"-15,-5",1,257,0,,,,8,119,163,8
1798.4841382127001,609.0,1189.4841382127001,-929468764316256007,"45,138",0,,1,165,,,0,,242,5
1883.2390175308694,606.0,1277.2390175308694,9147728680257643387,"-51,-44",24,253,0,,,,12,186,24,6
1925.0,389.0,1536.0,225736430488592045,"36,50",0,,0,,,,8,117,45,7
1956.0,420.0,1536.0,-6192787156969821065,"-71,-125",0,,0,,,,0,,197,5
1973.0,437.0,1536.0,-3961665889531550714,"75,50",0,,0,,,,26,111,57,7
2030.0,494.0,1536.0,-2946527819294727436,"-34,-38",0,,0,,,,0,,,6
2107.0,571.0,1536.0,1569118377874227096,"-110,2",0,,0,,,,0,,88,8
2123.0,587.0,1536.0,3295778378238633542,"56,-123",0,,0,,,,0,,67,3
2137.0,601.0,1536.0,-7614317399951106177,"-509,-745",0,,0,,,,0,,72,5
